{
  "Bakerloo": {
    "mode": "tube",
    "status": "Good Service"
  },
  "Central": {
    "mode": "tube",
    "status": "Good Service"
  },
  "Circle": {
    "mode": "tube",
    "status": "Good Service"
  },
  "District": {
    "mode": "tube",
    "status": "Minor Delays"
  },
  "Hammersmith & City": {
    "mode": "tube",
    "status": "Good Service"
  },
  "Jubilee": {
    "mode": "tube",
    "status": "Good Service"
  },
  "Metropolitan": {
    "mode": "tube",
    "status": "Good Service"
  },
  "Northern": {
    "mode": "tube",
    "status": "Good Service"
  },
  "Piccadilly": {
    "mode": "tube",
    "status": "Good Service"
  },
  "Victoria": {
    "mode": "tube",
    "status": "Good Service"
  },
  "Waterloo & City": {
    "mode": "tube",
    "status": "Good Service"
  },
  "Liberty": {
    "mode": "overground",
    "status": "Good Service"
  },
  "Lioness": {
    "mode": "overground",
    "status": "Good Service"
  },
  "Mildmay": {
    "mode": "overground",
    "status": "Minor Delays"
  },
  "Suffragette": {
    "mode": "overground",
    "status": "Good Service"
  },
  "Weaver": {
    "mode": "overground",
    "status": "Good Service"
  },
  "Windrush": {
    "mode": "overground",
    "status": "Severe Delays"
  },
  "DLR": {
    "mode": "dlr",
    "status": "Good Service"
  },
  "Avanti West Coast": {
    "mode": "national-rail",
    "status": "Good Service"
  },
  "c2c": {
    "mode": "national-rail",
    "status": "Good Service"
  },
  "Chiltern Railways": {
    "mode": "national-rail",
    "status": "Good Service"
  },
  "CrossCountry": {
    "mode": "national-rail",
    "status": "Special Service"
  },
  "East Midlands Railway": {
    "mode": "national-rail",
    "status": "Good Service"
  },
  "Gatwick Express": {
    "mode": "national-rail",
    "status": "Good Service"
  },
  "Grand Central": {
    "mode": "national-rail",
    "status": "Good Service"
  },
  "Greater Anglia": {
    "mode": "national-rail",
    "status": "Good Service"
  },
  "Great Northern": {
    "mode": "national-rail",
    "status": "Good Service"
  },
  "Great Western Railway": {
    "mode": "national-rail",
    "status": "Special Service"
  },
  "Heathrow Express": {
    "mode": "national-rail",
    "status": "Good Service"
  },
  "Hull Trains": {
    "mode": "national-rail",
    "status": "Good Service"
  },
  "Island Line": {
    "mode": "national-rail",
    "status": "Good Service"
  },
  "London North Eastern Railway": {
    "mode": "national-rail",
    "status": "Good Service"
  },
  "Lumo": {
    "mode": "national-rail",
    "status": "Good Service"
  },
  "Merseyrail": {
    "mode": "national-rail",
    "status": "Good Service"
  },
  "Northern Rail": {
    "mode": "national-rail",
    "status": "Special Service"
  },
  "ScotRail": {
    "mode": "national-rail",
    "status": "Good Service"
  },
  "Southeastern": {
    "mode": "national-rail",
    "status": "Special Service"
  },
  "Southern": {
    "mode": "national-rail",
    "status": "Special Service"
  },
  "South Western Railway": {
    "mode": "national-rail",
    "status": "Good Service"
  },
  "Thameslink": {
    "mode": "national-rail",
    "status": "Good Service"
  },
  "TransPennine Express": {
    "mode": "national-rail",
    "status": "Good Service"
  },
  "Transport for Wales": {
    "mode": "national-rail",
    "status": "Special Service"
  },
  "West Midlands Trains": {
    "mode": "national-rail",
    "status": "Good Service"
  }
}