{
  "timestamp": "2025-12-05T21:11:39.217340Z",
  "weather": {},
  "tfl": {
    "Bakerloo": {
      "mode": "tube",
      "status": "Good Service"
    },
    "Central": {
      "mode": "tube",
      "status": "Good Service"
    },
    "Circle": {
      "mode": "tube",
      "status": "Good Service"
    },
    "District": {
      "mode": "tube",
      "status": "Minor Delays"
    },
    "Hammersmith & City": {
      "mode": "tube",
      "status": "Good Service"
    },
    "Jubilee": {
      "mode": "tube",
      "status": "Good Service"
    },
    "Metropolitan": {
      "mode": "tube",
      "status": "Good Service"
    },
    "Northern": {
      "mode": "tube",
      "status": "Good Service"
    },
    "Piccadilly": {
      "mode": "tube",
      "status": "Good Service"
    },
    "Victoria": {
      "mode": "tube",
      "status": "Good Service"
    },
    "Waterloo & City": {
      "mode": "tube",
      "status": "Good Service"
    },
    "Liberty": {
      "mode": "overground",
      "status": "Good Service"
    },
    "Lioness": {
      "mode": "overground",
      "status": "Good Service"
    },
    "Mildmay": {
      "mode": "overground",
      "status": "Minor Delays"
    },
    "Suffragette": {
      "mode": "overground",
      "status": "Good Service"
    },
    "Weaver": {
      "mode": "overground",
      "status": "Good Service"
    },
    "Windrush": {
      "mode": "overground",
      "status": "Severe Delays"
    },
    "DLR": {
      "mode": "dlr",
      "status": "Good Service"
    },
    "Avanti West Coast": {
      "mode": "national-rail",
      "status": "Good Service"
    },
    "c2c": {
      "mode": "national-rail",
      "status": "Good Service"
    },
    "Chiltern Railways": {
      "mode": "national-rail",
      "status": "Good Service"
    },
    "CrossCountry": {
      "mode": "national-rail",
      "status": "Special Service"
    },
    "East Midlands Railway": {
      "mode": "national-rail",
      "status": "Good Service"
    },
    "Gatwick Express": {
      "mode": "national-rail",
      "status": "Good Service"
    },
    "Grand Central": {
      "mode": "national-rail",
      "status": "Good Service"
    },
    "Greater Anglia": {
      "mode": "national-rail",
      "status": "Good Service"
    },
    "Great Northern": {
      "mode": "national-rail",
      "status": "Good Service"
    },
    "Great Western Railway": {
      "mode": "national-rail",
      "status": "Special Service"
    },
    "Heathrow Express": {
      "mode": "national-rail",
      "status": "Good Service"
    },
    "Hull Trains": {
      "mode": "national-rail",
      "status": "Good Service"
    },
    "Island Line": {
      "mode": "national-rail",
      "status": "Good Service"
    },
    "London North Eastern Railway": {
      "mode": "national-rail",
      "status": "Good Service"
    },
    "Lumo": {
      "mode": "national-rail",
      "status": "Good Service"
    },
    "Merseyrail": {
      "mode": "national-rail",
      "status": "Good Service"
    },
    "Northern Rail": {
      "mode": "national-rail",
      "status": "Special Service"
    },
    "ScotRail": {
      "mode": "national-rail",
      "status": "Good Service"
    },
    "Southeastern": {
      "mode": "national-rail",
      "status": "Special Service"
    },
    "Southern": {
      "mode": "national-rail",
      "status": "Special Service"
    },
    "South Western Railway": {
      "mode": "national-rail",
      "status": "Good Service"
    },
    "Thameslink": {
      "mode": "national-rail",
      "status": "Good Service"
    },
    "TransPennine Express": {
      "mode": "national-rail",
      "status": "Good Service"
    },
    "Transport for Wales": {
      "mode": "national-rail",
      "status": "Special Service"
    },
    "West Midlands Trains": {
      "mode": "national-rail",
      "status": "Good Service"
    }
  },
  "events": [],
  "places": [
    {
      "place_id": "ChIJiV3FWucbdkgRugjXcFDT0cM",
      "name": "Flat Iron Kings Cross",
      "rating": 4.7,
      "user_ratings_total": 3362,
      "address": "47-51 Caledonian Rd, London N1 9BU, United Kingdom",
      "price_level": 2,
      "photo": "data/photos/ChIJiV3FWucbdkgRugjXcFDT0cM.jpg",
      "review_excerpt": "What an amazing experience. The staff is so friendly and they welcome you with some free popcorn and water with herbs. We have ordered their flat iron steak and it was amazing, the prices are also fare. I highly recommen"
    },
    {
      "place_id": "ChIJJcPOl7obdkgRR628STCNC3Q",
      "name": "Nonos",
      "rating": 4.7,
      "user_ratings_total": 2816,
      "address": "112 Judd St, London WC1H 9NT, United Kingdom",
      "price_level": 2,
      "photo": "data/photos/ChIJJcPOl7obdkgRR628STCNC3Q.jpg",
      "review_excerpt": "A lovely discovery when looking for a breakfast spot alternative to the hotel. Super friendly staff, lovely airy space with a nice atmosphere. We ordered coffees, smoothies (kids loved these) a veggie breakfast, french"
    },
    {
      "place_id": "ChIJqWL6gz0bdkgRL14qKTnAjXQ",
      "name": "Dishoom King's Cross",
      "rating": 4.8,
      "user_ratings_total": 18740,
      "address": "5 Stable St, London N1C 4AB, United Kingdom",
      "price_level": 2,
      "photo": "data/photos/ChIJqWL6gz0bdkgRL14qKTnAjXQ.jpg",
      "review_excerpt": "The restaurant, ambiance, and service were all truly wonderful, and the food was very delicious. However, the only downside is that the portion sizes are quite small considering the price. I also found it surprising that"
    },
    {
      "place_id": "ChIJEYSSWjwbdkgREtXtwUizFx4",
      "name": "Granger & Co. King's Cross",
      "rating": 4.2,
      "user_ratings_total": 2185,
      "address": "Unit 1, 7 Pancras Sq, London N1C 4AG, United Kingdom",
      "price_level": 2,
      "photo": "data/photos/ChIJEYSSWjwbdkgREtXtwUizFx4.jpg",
      "review_excerpt": "So easy to find, just near King’s Cross Station. We couldn’t book a table in the morning, only walk-ins. Excellent service. There’s both indoor and outdoor seating - since we wanted to sit inside, the staff gave us a ta"
    },
    {
      "place_id": "ChIJp28MwEsbdkgRQvFbrHlXvgQ",
      "name": "Caravan King's Cross",
      "rating": 4.5,
      "user_ratings_total": 4947,
      "address": "1 Granary Square, London N1C 4AA, United Kingdom",
      "price_level": 2,
      "photo": "data/photos/ChIJp28MwEsbdkgRQvFbrHlXvgQ.jpg",
      "review_excerpt": "I absolutely love the venue here. It’s a really lovely place to sit. We got a few bits to share, the spiced cauliflower which was lovely, the steamed cod dumplings (had too much lemongrass in the sauce for my liking) sti"
    },
    {
      "place_id": "ChIJ1VnckU8bdkgRyBKFAs4NHus",
      "name": "Coal Office Restaurant",
      "rating": 4.6,
      "user_ratings_total": 2244,
      "address": "2 Bagley Walk, London N1C 4PQ, United Kingdom",
      "price_level": 2,
      "photo": "data/photos/ChIJ1VnckU8bdkgRyBKFAs4NHus.jpg",
      "review_excerpt": "Part of the impressive Coal Drop Yard development behind St Pancras station - the Coal Office cuisine is a mixed, Middle Eastern affair. Shades of Ottolenghi abound. The menu is divided between small bites, mid-sized and"
    },
    {
      "place_id": "ChIJl_ShSTwbdkgRyttcdF-70JI",
      "name": "Harry's King's Cross",
      "rating": 4.4,
      "user_ratings_total": 421,
      "address": "Harry's Kings Cross, 3 King's Blvd, London N1C 4BU, United Kingdom",
      "price_level": null,
      "photo": "data/photos/ChIJl_ShSTwbdkgRyttcdF-70JI.jpg",
      "review_excerpt": "Had such an amazing time here. The staff were so lovely, welcoming and prompt with service. We sat outside and the atmosphere was incredible. We ordered the truffle arancini which was divine along with a side of flat bre"
    },
    {
      "place_id": "ChIJMYUw7j0bdkgRf7GZSr6HAMw",
      "name": "The Lighterman",
      "rating": 4.1,
      "user_ratings_total": 4650,
      "address": "3 Granary Square, London N1C 4BH, United Kingdom",
      "price_level": 2,
      "photo": "data/photos/ChIJMYUw7j0bdkgRf7GZSr6HAMw.jpg",
      "review_excerpt": "The food was just okay. Burrata with chanterelles and truffle honey was fairly good but the cheese was definitely not burrata and more like mozzarella. Chicken schnitzel was a bit too salty for me and the tomato sauce wa"
    },
    {
      "place_id": "ChIJscyPbTwbdkgRLlO40_TeJho",
      "name": "German Gymnasium",
      "rating": 4.3,
      "user_ratings_total": 6112,
      "address": "1 King's Blvd, London N1C 4BU, United Kingdom",
      "price_level": 3,
      "photo": "data/photos/ChIJscyPbTwbdkgRLlO40_TeJho.jpg",
      "review_excerpt": "German Gymnasium is worth visiting even just for its architecture. The building is beautiful and grand - impressive without feeling intimidating. We visited so as to try their Oktoberfest menu, and the experience was a b"
    },
    {
      "place_id": "ChIJT3oZL1sbdkgR2pgM8UcKEkI",
      "name": "Hoppers Kings Cross",
      "rating": 4.4,
      "user_ratings_total": 2177,
      "address": "Unit 3, 4 Pancras Sq, London N1C 4AG, United Kingdom",
      "price_level": 2,
      "photo": "data/photos/ChIJT3oZL1sbdkgR2pgM8UcKEkI.jpg",
      "review_excerpt": "I had a nice meal at hoppers near King’s Cross. The food was tasty and the restaurant was nicely decorated. I felt for the price we paid we could have gotten bigger portions. The staff were friendly but were not as avail"
    },
    {
      "place_id": "ChIJoXdQhj0bdkgRcq3e4cxXJI8",
      "name": "Granary Square Brasserie",
      "rating": 4.3,
      "user_ratings_total": 3057,
      "address": "1 Granary Square, London N1C 4AA, United Kingdom",
      "price_level": 3,
      "photo": "data/photos/ChIJoXdQhj0bdkgRcq3e4cxXJI8.jpg",
      "review_excerpt": "Really nice. Food was good not great. Squid lovely, sauce dip too salty. Steak tartar under seasoned. Cocktail also not great Christmas Pina Colada but saying this. Good atmosphere, would return as loved atmosphere and i"
    },
    {
      "place_id": "ChIJgQjbdQ8bdkgR_1zW7fwvN54",
      "name": "Morty & Bob's",
      "rating": 4.6,
      "user_ratings_total": 1986,
      "address": "49, Coal Drops Yard, London N1C 4DQ, United Kingdom",
      "price_level": 2,
      "photo": "data/photos/ChIJgQjbdQ8bdkgR_1zW7fwvN54.jpg",
      "review_excerpt": "A brilliant spot in King’s Cross! Morty & Bob’s has such a great atmosphere relaxed, stylish, and perfectly tucked away inside Coal Drops Yard. We stopped by for lunch and everything was spot-on. The steak sandwich was j"
    },
    {
      "place_id": "ChIJ4abvVDwbdkgRU4v7zK9ZTJ8",
      "name": "Drake & Morgan at King's Cross",
      "rating": 3.9,
      "user_ratings_total": 2729,
      "address": "6 Pancras Sq, London N1C 4AG, United Kingdom",
      "price_level": 2,
      "photo": "data/photos/ChIJ4abvVDwbdkgRU4v7zK9ZTJ8.jpg",
      "review_excerpt": "A nice place to eat. Very contemporary setting which I like. Good service. Very friendly and quite fast. Food is prepared in front of you. The food was ok. Simple dishes served in quite (too) small quantities for this le"
    },
    {
      "place_id": "ChIJpaaXtj0bdkgRa8byek8GNFQ",
      "name": "Kimchee Restaurant & Bar",
      "rating": 4.4,
      "user_ratings_total": 4053,
      "address": "Unit 4, 2 Pancras Sq, London N1C 4AG, United Kingdom",
      "price_level": 2,
      "photo": "data/photos/ChIJpaaXtj0bdkgRa8byek8GNFQ.jpg",
      "review_excerpt": "We came for an early dinner and really enjoyed the experience. The restaurant was not busy yet, so the seating felt very comfortable and the cosy décor made it a relaxing place to settle in. The food was delicious with"
    },
    {
      "place_id": "ChIJcaR_kBUbdkgRdC3ybb_dwVQ",
      "name": "BAO Kings Cross",
      "rating": 4.4,
      "user_ratings_total": 1624,
      "address": "Unit 2, 4 Pancras Sq, London N1C 4DP, United Kingdom",
      "price_level": null,
      "photo": "data/photos/ChIJcaR_kBUbdkgRdC3ybb_dwVQ.jpg",
      "review_excerpt": "First time going to BAO (King’s Cross branch) and it didn’t disappoint! I went a couple of days after my birthdag, and the staff made it very special. We got the beef steak rice, egg yolk dish - delicious and perfectly c"
    },
    {
      "place_id": "ChIJu2eCrDUbdkgRywaC-vLLzJI",
      "name": "FIRIN",
      "rating": 4.8,
      "user_ratings_total": 701,
      "address": "140 York Wy, London N1 0AX, United Kingdom",
      "price_level": null,
      "photo": "data/photos/ChIJu2eCrDUbdkgRywaC-vLLzJI.jpg",
      "review_excerpt": "Cosy, friendly Turkish restaurant on Yorkway near Granary Square in King's Cross. Friendly efficient service and very tasty kebap/stews and pide. Turkish wines as well which is a nice option for something different. Well"
    },
    {
      "place_id": "ChIJjX-5IMcbdkgR0ad4V0C5bIY",
      "name": "Fatto a Mano King's Cross",
      "rating": 4.7,
      "user_ratings_total": 1163,
      "address": "Unit 1, 3 Pancras Sq, London N1C 4AG, United Kingdom",
      "price_level": null,
      "photo": "data/photos/ChIJjX-5IMcbdkgR0ad4V0C5bIY.jpg",
      "review_excerpt": "Absolutely loved this place! Just tried this Italian pizzeria for the first time and it was such a great experience. The pizza was so good — fresh, full of flavour, and perfectly cooked. The starter was amazing as well!"
    },
    {
      "place_id": "ChIJjVuzH5wbdkgRRebflE3FIFM",
      "name": "Hawksmoor St Pancras & Martini Bar",
      "rating": 4.5,
      "user_ratings_total": 46,
      "address": "St. Pancras, Euston Rd., London NW1 2AR, United Kingdom",
      "price_level": null,
      "photo": "data/photos/ChIJjVuzH5wbdkgRRebflE3FIFM.jpg",
      "review_excerpt": "I was in the mood for steak this weekend and just happened to discover the new branch that opened at the St Pancras Hotel! Yesterday was the Grand Opening. After booking a table with a click 🚀, I went to check it out."
    },
    {
      "place_id": "ChIJ0V3O-NsbdkgRnzn7BrhEQUM",
      "name": "Tajmahal Indian cuisine",
      "rating": 4.7,
      "user_ratings_total": 4081,
      "address": "339 Grays Inn Rd, London WC1X 8PX, United Kingdom",
      "price_level": 2,
      "photo": "data/photos/ChIJ0V3O-NsbdkgRnzn7BrhEQUM.jpg",
      "review_excerpt": "A good Indian restaurant with exceptional service. The food wasn’t exceptionally good but definitely will do. We ordered a few dishes and the veg dishes weren’t great but reviews on the non veg (meat) dishes had a much b"
    },
    {
      "place_id": "ChIJU5LCVjwbdkgR46CowV0ToVk",
      "name": "RAILS Restaurant & Little Bar",
      "rating": 4.2,
      "user_ratings_total": 780,
      "address": "Pancras Rd, London N1C 4TB, United Kingdom",
      "price_level": 3,
      "photo": "data/photos/ChIJU5LCVjwbdkgR46CowV0ToVk.jpg",
      "review_excerpt": "The tea service was an interesting experience, and the food was overall good. However, it's all cold bits and you could see the sweating on the chocolate from being held in the fridge, which makes me wonder how truly fre"
    }
  ],
  "news": [
    {
      "title": "Ain al-Hilweh: A Camp in Lebanon That Points Toward Jerusalem — 197 km",
      "url": "https://www.globalresearch.ca/ain-al-hilweh-camp-jerusalem/5907869",
      "source": "Globalresearch.ca",
      "publishedAt": "2025-12-04T12:09:18Z",
      "description": "The Gate as Border Crossing\nThe first shock comes before anything inside the camp reveals itself. Ain al-Hilweh — Lebanon’s largest Palestinian refugee camp, established in 1948 on a mere square kilometer east of Sidon — does not behave like …\nThe post Ain al…"
    },
    {
      "title": "Landscape as a Catalyst for Change by BD landscape architects",
      "url": "https://landezine.com/landscape-as-a-catalyst-for-change-by-bd-landscape-architects/",
      "source": "Landezine.com",
      "publishedAt": "2025-12-04T11:16:30Z",
      "description": "Landscape as a Catalyst for Change presents a cross-section of BD Landscape Architects’ work over the past decade and a half, arranged thematically rather than chronologically. The publication moves through the practice’s core territories—public realm, meanwh…"
    },
    {
      "title": "Inside Cynthia Erivo’s ‘Wicked’ Experience, Letting Go Of “Fierce” Elphaba And The New ‘Dracula’ Production That “Terrified” Her",
      "url": "http://deadline.com/2025/12/cynthia-erivo-wicked-for-good-interview-1236631194/",
      "source": "Deadline",
      "publishedAt": "2025-12-03T22:00:00Z",
      "description": "There’s an uncommon commotion emanating from the front row of the refurbished Town Hall across from Kings Cross railway station where Wicked’s Cynthia Erivo has been discussing her book Simply More with Doctor Who and Barbie actor Ncuti Gatwa. Some in in the …"
    },
    {
      "title": "No Kings",
      "url": "https://www.lrb.co.uk/blog/2025/december/no-kings",
      "source": "London Review of Books",
      "publishedAt": "2025-12-03T14:19:10Z",
      "description": "England doesn’t know how to say: ‘No Kings.’ Instead, it says: ‘Not this one, but perhaps his brother or his son.’ All Windsor crises, from..."
    },
    {
      "title": "The Best Books of 2025",
      "url": "http://www.vulture.com/article/best-books-2025.html",
      "source": "Vulture",
      "publishedAt": "2025-12-02T17:00:00Z",
      "description": "Even in a fractured media landscape, these books held our attention. The best books of 2025 include Thomas Pynchon’s first novel in 12 years, a geopolitical thriller by Susan Choi, and Keith McNally’s memoir."
    },
    {
      "title": "Francis Bacon",
      "url": "https://plato.stanford.edu/entries/francis-bacon/",
      "source": "Stanford.edu",
      "publishedAt": "2025-12-02T05:20:09Z",
      "description": "[New Entry by Markku Peltonen on December 2, 2025.]\n [Editor's Note: The following new entry by Markku Peltonen replaces the former entry on this topic by the previous author.] Francis Bacon (1561 - 1626) was one of the most important..."
    },
    {
      "title": "The Best TV Shows of 2025",
      "url": "http://www.vulture.com/article/best-tv-shows-2025-series.html",
      "source": "Vulture",
      "publishedAt": "2025-12-01T17:00:00Z",
      "description": "From ‘The Rehearsal’ and ‘King of the Hill’ to ‘Pluribus’ and ‘Andor,’ the year’s best shows told stories that felt like they were reaching through our screens, pointing at the world and urging us to open our eyes to the fraught moment."
    },
    {
      "title": "Aging: 3-5 cups of coffee a day may add extra 5 years to life span",
      "url": "https://www.medicalnewstoday.com/articles/drinking-coffee-daily-slow-biological-aging-5-years-mental-illness-lifespan",
      "source": "Medical News Today",
      "publishedAt": "2025-12-01T12:36:00Z",
      "description": "Scientists have found the sweet spot of drinking coffee daily that could lengthen the life span of people with major mental illness and help slow down biological aging by five years."
    }
  ],
  "history_count": 0
}