[
  {
    "title": "Ain al-Hilweh: A Camp in Lebanon That Points Toward Jerusalem\u200a\u2014\u200a197 km",
    "url": "https://www.globalresearch.ca/ain-al-hilweh-camp-jerusalem/5907869",
    "source": "Globalresearch.ca",
    "publishedAt": "2025-12-04T12:09:18Z",
    "description": "The Gate as Border Crossing\nThe first shock comes before anything inside the camp reveals itself. Ain al-Hilweh \u2014 Lebanon\u2019s largest Palestinian refugee camp, established in 1948 on a mere square kilometer east of Sidon \u2014 does not behave like \u2026\nThe post Ain al\u2026"
  },
  {
    "title": "Landscape as a Catalyst for Change by BD landscape architects",
    "url": "https://landezine.com/landscape-as-a-catalyst-for-change-by-bd-landscape-architects/",
    "source": "Landezine.com",
    "publishedAt": "2025-12-04T11:16:30Z",
    "description": "Landscape as a Catalyst for Change presents a cross-section of BD Landscape Architects\u2019 work over the past decade and a half, arranged thematically rather than chronologically. The publication moves through the practice\u2019s core territories\u2014public realm, meanwh\u2026"
  },
  {
    "title": "Inside Cynthia Erivo\u2019s \u2018Wicked\u2019 Experience, Letting Go Of \u201cFierce\u201d Elphaba And The New \u2018Dracula\u2019 Production That \u201cTerrified\u201d Her",
    "url": "http://deadline.com/2025/12/cynthia-erivo-wicked-for-good-interview-1236631194/",
    "source": "Deadline",
    "publishedAt": "2025-12-03T22:00:00Z",
    "description": "There\u2019s an uncommon commotion emanating from the front row of the refurbished Town Hall across from Kings Cross railway station where\u00a0Wicked\u2019s\u00a0Cynthia Erivo has been discussing her book\u00a0Simply More\u00a0with\u00a0Doctor Who\u00a0and\u00a0Barbie\u00a0actor Ncuti Gatwa. Some in in the \u2026"
  },
  {
    "title": "No Kings",
    "url": "https://www.lrb.co.uk/blog/2025/december/no-kings",
    "source": "London Review of Books",
    "publishedAt": "2025-12-03T14:19:10Z",
    "description": "England doesn\u2019t know how to say: \u2018No Kings.\u2019 Instead, it says: \u2018Not this one, but perhaps his brother or his son.\u2019 All Windsor crises, from..."
  },
  {
    "title": "The Best Books of 2025",
    "url": "http://www.vulture.com/article/best-books-2025.html",
    "source": "Vulture",
    "publishedAt": "2025-12-02T17:00:00Z",
    "description": "Even in a fractured media landscape, these books held our attention. The best books of 2025 include Thomas Pynchon\u2019s first novel in 12 years, a geopolitical thriller by Susan Choi, and Keith McNally\u2019s memoir."
  },
  {
    "title": "Francis Bacon",
    "url": "https://plato.stanford.edu/entries/francis-bacon/",
    "source": "Stanford.edu",
    "publishedAt": "2025-12-02T05:20:09Z",
    "description": "[New Entry by Markku Peltonen on December 2, 2025.]\n [Editor's Note: The following new entry by Markku Peltonen replaces the former entry on this topic by the previous author.] Francis Bacon (1561 - 1626) was one of the most important..."
  },
  {
    "title": "The Best TV Shows of 2025",
    "url": "http://www.vulture.com/article/best-tv-shows-2025-series.html",
    "source": "Vulture",
    "publishedAt": "2025-12-01T17:00:00Z",
    "description": "From \u2018The Rehearsal\u2019 and \u2018King of the Hill\u2019 to \u2018Pluribus\u2019 and \u2018Andor,\u2019 the year\u2019s best shows told stories that felt like they were reaching through our screens, pointing at the world and urging us to open our eyes to the fraught moment."
  },
  {
    "title": "Aging: 3-5 cups of coffee a day may add extra 5 years to life span",
    "url": "https://www.medicalnewstoday.com/articles/drinking-coffee-daily-slow-biological-aging-5-years-mental-illness-lifespan",
    "source": "Medical News Today",
    "publishedAt": "2025-12-01T12:36:00Z",
    "description": "Scientists have found the sweet spot of drinking coffee daily that could lengthen the life span of people with major mental illness and help slow down biological aging by five years."
  }
]