{
  "timestamp": "2025-10-21T16:11:27.155463",
  "status": [
    {
      "name": "Circle",
      "mode": "tube",
      "status": "Good Service"
    },
    {
      "name": "Hammersmith & City",
      "mode": "tube",
      "status": "Good Service"
    },
    {
      "name": "Metropolitan",
      "mode": "tube",
      "status": "Good Service"
    },
    {
      "name": "Northern",
      "mode": "tube",
      "status": "Severe Delays"
    },
    {
      "name": "Piccadilly",
      "mode": "tube",
      "status": "Severe Delays"
    },
    {
      "name": "Victoria",
      "mode": "tube",
      "status": "Good Service"
    }
  ]
}